{"game_stats": [{"7.320081533333333": {"Total Damage Taken": 0, "Total Lasers Used": 17}}, {"2.3871357666666664": {"Total Damage Taken": 10, "Total Lasers Used": 5}}]}